{"game.ctf.flag_taken":{"category":"master","sounds":["ctf_flag_taken"],"subtitle":"Flag Taken"},"game.ctf.flag_returned":{"category":"master","sounds":["ctf_flag_returned"],"subtitle":"Flag Returned"},"game.ctf.flag_captured":{"category":"master","sounds":["ctf_flag_captured"],"subtitle":"Flag Captured"},"game.ctf.flag_dropped":{"category":"master","sounds":["ctf_flag_dropped"],"subtitle":"Flag Dropped"},"turret.ricochet.shot":{"category":"master","sounds":["ricochet_shot"],"subtitle":"Ricochet Shoots"},"turret.ricochet.ricochet":{"category":"master","sounds":["ricochet_ricochet"],"subtitle":"Ricochet Ricochets"},"turret.ricochet.explode":{"category":"master","sounds":["ricochet_explosion"],"subtitle":"Ricochet Explodes"},"turret.twins.shot":{"category":"master","sounds":["twins_shot"],"subtitle":"Twins Shoots"},"turret.shaft.shot":{"category":"master","sounds":["shaft_shot"],"subtitle":"Shaft Shoots"},"turret.firebird.shot":{"category":"master","sounds":["firebird_shot"],"subtitle":"Firebird Shoots"},"turret.freeze.shot":{"category":"master","sounds":["freeze_shot"],"subtitle":"Freeze Shoots"},"turret.isida.shot":{"category":"master","sounds":["isida_shot"],"subtitle":"Isida Shoots"},"turret.railgun.shot":{"category":"master","sounds":["railgun_shot"],"subtitle":"Railgun Shoots"},"turret.thunder.shot":{"category":"master","sounds":["thunder_shot"],"subtitle":"Thunder Shoots"},"turret.thunder.explode":{"category":"master","sounds":["thunder_explosion"],"subtitle":"Thunder Explodes"},"turret.smoky.shot":{"category":"master","sounds":["smoky_shot"],"subtitle":"Smoky Shoots"},"turret.smoky.explode":{"category":"master","sounds":["smoky_explosion"],"subtitle":"Smoky Explodes"},"turret.vulcan.shot":{"category":"master","sounds":["vulcan_shot"],"subtitle":"Vulcan Shoots"},"turret.vulcan.explode":{"category":"master","sounds":["vulcan_explosion"],"subtitle":"Vulcan Explodes"},"turret.vulcan.windup":{"category":"master","sounds":["vulcan_windup"],"subtitle":"Vulcan Winds Up"},"turret.hammer.shot":{"category":"master","sounds":["hammer_shot"],"subtitle":"Hammer Shoots"},"turret.hammer.reload":{"category":"master","sounds":["hammer_reload"],"subtitle":"Hammer Reloads"},"turret.striker.shot1":{"category":"master","sounds":["striker_shot_1"],"subtitle":"Striker Shoots"},"turret.striker.shot2":{"category":"master","sounds":["striker_shot_2"],"subtitle":"Striker Shoots"},"turret.striker.explode1":{"category":"master","sounds":["striker_explosion_1"],"subtitle":"Striker Explodes"},"turret.striker.explode2":{"category":"master","sounds":["striker_explosion_2"],"subtitle":"Striker Explodes"},"turret.striker.flyby":{"category":"master","sounds":["striker_flyby"],"subtitle":"Striker Rocket Flies By"},"turret.magnum.shot1":{"category":"master","sounds":["magnum_shot_1"],"subtitle":"Magnum Shoots"},"turret.magnum.shot2":{"category":"master","sounds":["magnum_shot_2"],"subtitle":"Magnum Shoots"},"turret.magnum.shot3":{"category":"master","sounds":["magnum_shot_3"],"subtitle":"Magnum Shoots"},"turret.magnum.shot4":{"category":"master","sounds":["magnum_shot_4"],"subtitle":"Magnum Shoots"},"turret.magnum.explode":{"category":"master","sounds":["magnum_explosion"],"subtitle":"Magnum Explodes"},"turret.magnum.reload":{"category":"master","sounds":["magnum_reload"],"subtitle":"Magnum Reloads"},"turret.striker.lock":{"category":"master","sounds":["striker_aim_1"],"subtitle":"Striker Locks On"},"turret.striker.unlock":{"category":"master","sounds":["striker_aim_2"],"subtitle":"Striker Loses Lock"},"turret.striker.locked":{"category":"master","sounds":["striker_aim_3"],"subtitle":"Striker Fires Salvo"},"turret.shaft.explode":{"category":"master","sounds":["shaft_hit"],"subtitle":"Shaft Explodes"},"turret.shaft.aim":{"category":"master","sounds":["shaft_aim"],"subtitle":"Shaft Aims"},"turret.magnum.chargeup":{"category":"master","sounds":["magnum_chargeup"],"subtitle":"Magnum Charges Up"},"turret.tesla.shot":{"category":"master","sounds":["tesla_shot_1","tesla_shot_2","tesla_shot_3","tesla_shot_4"],"subtitle":"Tesla Shoots"},"turret.tesla.lightning":{"category":"master","sounds":["tesla_shothit_1","tesla_shothit_2","tesla_shothit_3","tesla_shothit_4"],"subtitle":"Chain Lightning"},"turret.gauss.charged_shot":{"category":"master","sounds":["gauss_charged_shot"],"subtitle":"Gauss Fires"},"turret.gauss.arcade_shot":{"category":"master","sounds":["gauss_arcade_shot"],"subtitle":"Gauss Fires"},"turret.gauss.arcade_explode":{"category":"master","sounds":["gauss_arcade_explosion"],"subtitle":"Gauss Explodes"},"turret.gauss.charged_explode":{"category":"master","sounds":["gauss_charged_explosion"],"subtitle":"Gauss Explodes"},"turret.gauss.lock":{"category":"master","sounds":["gauss_lock"],"subtitle":"Gauss Locks On"},"turret.gauss.unlock":{"category":"master","sounds":["gauss_unlock"],"subtitle":"Gauss Loses Lock"},"welcome":{"category":"master","sounds":["welcome"]},"block.wood.step":{"category":"master","replace":true,"sounds":[]},"block.wood.place":{"category":"master","replace":true,"sounds":[]},"block.wood.break":{"category":"master","replace":true,"sounds":[]},"block.wood.fall":{"category":"master","replace":true,"sounds":[]},"block.wood.hit":{"category":"master","replace":true,"sounds":[]},"block.stone.step":{"category":"master","replace":true,"sounds":[]},"block.stone.place":{"category":"master","replace":true,"sounds":[]},"block.stone.break":{"category":"master","replace":true,"sounds":[]},"block.stone.fall":{"category":"master","replace":true,"sounds":[]},"block.stone.hit":{"category":"master","replace":true,"sounds":[]},"required.wood.hit":{"category":"master","subtitle":"subtitles.block.generic.hit","sounds":["step/wood1","step/wood2","step/wood3","step/wood4","step/wood5","step/wood6"]},"required.wood.place":{"category":"master","subtitle":"subtitles.block.generic.place","sounds":["dig/wood1","dig/wood2","dig/wood3","dig/wood4"]},"required.wood.break":{"category":"master","subtitle":"subtitles.block.generic.break","sounds":["dig/wood1","dig/wood2","dig/wood3","dig/wood4"]},"required.wood.step":{"category":"master","subtitle":"subtitles.block.generic.footsteps","sounds":["step/wood1","step/wood2","step/wood3","step/wood4","step/wood5","step/wood6"]},"required.wood.fall":{"category":"master","sounds":["step/wood1","step/wood2","step/wood3","step/wood4","step/wood5","step/wood6"]},"required.stone.hit":{"category":"master","subtitle":"subtitles.block.generic.hit","sounds":["step/stone1","step/stone2","step/stone3","step/stone4","step/stone5","step/stone6"]},"required.stone.place":{"category":"master","subtitle":"subtitles.block.generic.place","sounds":["dig/stone1","dig/stone2","dig/stone3","dig/stone4"]},"required.stone.break":{"category":"master","subtitle":"subtitles.block.generic.break","sounds":["dig/stone1","dig/stone2","dig/stone3","dig/stone4"]},"required.stone.step":{"category":"master","subtitle":"subtitles.block.generic.footsteps","sounds":["step/stone1","step/stone2","step/stone3","step/stone4","step/stone5","step/stone6"]},"required.stone.fall":{"category":"master","sounds":["step/stone1","step/stone2","step/stone3","step/stone4","step/stone5","step/stone6"]}}